Marchio,Nome,Prezzo,Valutazione
Geox,"D Spherica A, Sneakers Donna","65,10 €","4,5 su 5 stelle"
Timberland,Mocassini Classic Boat 2 Eye Codice TB0A2Q9XEIW Rosso,"35,70 €","4,6 su 5 stelle"
Clarks,"Freckle Ice, Ballerine Donna","56,56 €","4,4 su 5 stelle"
Clarks,"Passeggiata Mayhill, Scarpe da Ginnastica Donna","Consigl.: 98,28 €","4,1 su 5 stelle"
Geox,"D Spherica Actif, Scarpe da Ginnastica Donna","98,28 €","1,0 su 5 stelle"
Geox,"D Activart A, Scarpe da Ginnastica Donna","73,69 €","3,7 su 5 stelle"
Geox,"D Cloridie A, Moccasin Donna","49,26 €","4,2 su 5 stelle"
Geox,"D Bleyze H, Scarpe Donna","Più basso: 74,03 €","3,8 su 5 stelle"
Geox,"D Iridea A, Moccasin Donna","74,03 €","4,5 su 5 stelle"
Geox,"D Pg1x B ABX A, Scarpe da Ginnastica Donna","65,17 €","4,1 su 5 stelle"
Clarks,"Linvale Jerica, Scarpe col Tacco Punta Chiusa Donna","38,46 €","4,6 su 5 stelle"
Geox,"D Spherica Ec1 A, Scarpe Donna","Consigl.: 90,08 €","4,1 su 5 stelle"
Geox,"D Faviola C, Décolleté Donna","90,08 €","3,8 su 5 stelle"
Geox,"D Annytah Moc A, Mocassino Donna","45,74 €","4,4 su 5 stelle"
Geox,"D Palmaria B, Balletto Piatto Donna","Consigl.: 122,87 €","4,1 su 5 stelle"
Geox,"D Giselda A, Pompa Donna","122,87 €","3,4 su 5 stelle"
Clarks,"Malvarosa Passeggiata, Scarpe da Ginnastica Donna","53,59 €","4,1 su 5 stelle"
Geox,"D Spherica Ec1 A, Moccasin Donna","77,47 €","4,3 su 5 stelle"
Clarks,"Fawna Soft, Ballerine Donna","Prezzo consigliato: 109,90 €","3,8 su 5 stelle"
Geox,"D Bleyze B, Mocassini Donna","109,90 €","4,2 su 5 stelle"
Clarks,"Hollyhock Walk, Scarpe da Ginnastica Donna","57,13 €","4,0 su 5 stelle"
Clarks,"Calla Facilità, Mocassino Basso Donna","Consigl.: 81,89 €","4,4 su 5 stelle"
Clarks,"Tilmont Step, Mocassino Donna","81,89 €","4,3 su 5 stelle"
Geox,"D Faviola A, Scarpe Donna","77,18 €","4,0 su 5 stelle"
Clarks,"Funny Dream, Scarpa Mary Jane Donna","Prezzo consigliato: 89,90 €","3,8 su 5 stelle"
Clarks,Elaina Giada Ballerine Donna,"89,90 €","4,3 su 5 stelle"
Geox,"D Isotte F, Stivaletti Donna","69,77 €","5,0 su 5 stelle"
Geox,"D Kosmopolis + Grip, Moccasin Donna","Prezzo consigliato: 109,90 €","4,3 su 5 stelle"
Geox,"J Sandal Soleima Gir, Donna","109,90 €","4,6 su 5 stelle"
Geox,"D Annytah B, Balletto Piatto Donna","70,99 €","4,6 su 5 stelle"
Geox,"D Ischia Corda, Sandali Donna","74,68 €","4,1 su 5 stelle"
Geox,"D Braies B ABX B, Sneakers Donna","Consigl.: 98,28 €","4,4 su 5 stelle"
Clarks,"Un Maui Lace, Scarpe da Ginnastica Donna","98,28 €","4,9 su 5 stelle"
Clarks,"Westlynn Ayla, Mocassino Donna","73,75 €","4,0 su 5 stelle"
Geox,"D Calithe A, Scarpe da Ginnastica Donna","44,14 €","5,0 su 5 stelle"
Clarks,"Slipper & Mocassino Mayhill Cove, pelle grezza, da donna, colore: rosso","60,08 €","4,1 su 5 stelle"
Geox,"D Leelyan C, Mocassini Donna","34,96 €","4,2 su 5 stelle"
Geox,"J Theleven Girl WPF, Scarpe da Ginnastica Donna","57,41 €","4,4 su 5 stelle"
Geox,"D Isotte E, Stivali Donna","46,44 €","4,0 su 5 stelle"
Geox,"D Damiana, Stivaletto Donna","52,42 €","4,0 su 5 stelle"
Geox,"D Coronilla D, Stivale alla Caviglia Donna","67,65 €","4,3 su 5 stelle"
Geox,"D Iridea D26hrd043, Stivali Donna","34,39 €","4,2 su 5 stelle"
Geox,"D Palmaria H, Balletto Piatto Donna","Consigl.: 114,67 €","4,0 su 5 stelle"
Geox,"D Iridea D36hrh043, Stivali Donna","114,67 €","4,2 su 5 stelle"
Geox,"D Iridea D36hrg043, Stivali Donna","58,71 €",4 Stars
Geox,"D Iridea D26hrn043, Stivali Donna","33,28 €",
Geox,"D Teulada D, Mary Jane Donna","74,43 €",
Geox,"D Charlene C, Balletto Piatto Donna","Prezzo consigliato: 109,90 €",
,,"109,90 €",
,,"69,58 €",
,,"77,01 €",
,,"51,80 €",
,,"Consigl.: 98,28 €",
,,"98,28 €",
,,"48,36 €",
,,"86,64 €",
,,"36,25 €",
,,"51,32 €",
,,"60,55 €",
,,"Consigl.: 114,67 €",
,,"114,67 €",
,,"85,22 €",
,,"Consigl.: 122,87 €",
,,"122,87 €",
,,"41,20 €",
,,"Consigl.: 106,48 €",
,,"106,48 €",
,,"55,30 €",
,,"56,98 €",
,,"Consigl.: 114,67 €",
,,"114,67 €",
,,"35,42 €",
,,"51,27 €",
,,"Consigl.: 114,67 €",
,,"114,67 €",
,,"80,07 €",
,,"Consigl.: 114,67 €",
,,"114,67 €",
,,"72,20 €",
,,Uomo Donna Zoccoli,
,,Scarpe da wrestling dalle massime prestazioni,
,,JOISCOPE Portascarpe di alta qualità,
Geox,"D Brionia A, Mocassino Donna","30,11 €","4,0 su 5 stelle"
Geox,"D Elidia A, Mocassini Donna","59,48 €","4,1 su 5 stelle"
Geox,"D BIGLIANA A, Décolleté, Donna","84,98 €","4,2 su 5 stelle"
Geox,"D Teulada C, Stivale alla Caviglia Donna","111,47 €","4,5 su 5 stelle"
Clarks,"Un Balsa Go, Mocassini Donna","Consigl.: 131,07 €","3,9 su 5 stelle"
Geox,"D Bulmya B, Scarpe da Ginnastica Donna","131,07 €","3,8 su 5 stelle"
Clarks,"Tealite Grace, Sandali a Punta Aperta Donna","81,50 €","4,1 su 5 stelle"
Clarks,"Torhill Lo, Stivaletti Bassi con Lacci Unisex-Adulto","70,15 €","4,7 su 5 stelle"
Geox,"J Sandal Whinberry G, Donna","59,27 €","1,0 su 5 stelle"
Clarks,Scarpa 26173851 Torhill Chestnut da donna,"Prezzo consigliato: 69,95 €","4,5 su 5 stelle"
Clarks,"Aristella Sun, Sandali Donna","69,95 €","4,2 su 5 stelle"
Timberland,"Leather RFID Zip Around Wallet Clutch with Wristlet Strap, Braccialetto Donna, Taglia Unica","106,55 €","4,2 su 5 stelle"
Geox,Donna D Brionia B Sandali,"36,61 €","4,5 su 5 stelle"
Geox,"Jocker, Scarpe chiuse unisex adulto, Rosso (fucsia), 33","73,76 €","4,2 su 5 stelle"
Clarks,"Funny Dream, Scarpa Mary Jane Donna","45,07 €","4,4 su 5 stelle"
Clarks,"Giselle Dove, Sandali Donna",2 taglie,"1,0 su 5 stelle"
Clarks,"Ezera Walk, Scarpe da Ginnastica Donna","38,14 €","4,1 su 5 stelle"
Geox,"J Sandal Karly Girl, Bambina","Prezzo mediano: 39,25 €","4,4 su 5 stelle"
Lumberjack,"Line, Scarpe con Lacci Donna","39,25 €","2,6 su 5 stelle"
Geox,"D Brionia L, Sandali Piatti Donna","62,22 €","3,8 su 5 stelle"
Clarks,"Julia Gem, Mocassino Donna","Consigl.: 65,49 €","4,7 su 5 stelle"
Geox,"D Charyssa C, Balletto Piatto Donna","65,49 €","4,1 su 5 stelle"
Clarks,Sneakers Viola 149852,"39,00 €","3,9 su 5 stelle"
Clarks,"Nalle Lace, Scarpe da Ginnastica Donna","65,63 €","4,2 su 5 stelle"
Clarks,"Amanda Tealite, Sandali Sportivi Donna","Consigl.: 90,16 €","4,2 su 5 stelle"
Geox,"D Lipari E, Sandali Donna","90,16 €","4,2 su 5 stelle"
Geox,"D Spherica Ec1 A, Moccasin Donna","50,57 €","4,2 su 5 stelle"
Geox,"D Sozy S, Sandali Piatti Donna","60,11 €","4,7 su 5 stelle"
Timberland,"EKCASCBAY LACLESS RE Red, Sneaker Donna, Rosso (Rot (Red))","49,14 €","4,2 su 5 stelle"
Clarks,"Maye Ease, Chelsea Boot Donna","53,40 €","4,2 su 5 stelle"
Clarks,"Breeze Sea-Appeso, Infradito Donna","50,28 €","4,3 su 5 stelle"
Geox,"D Spherica Ec5 D, Sandali Donna","71,50 €","5,0 su 5 stelle"
Geox,"D Flavie, Borsa Donna, Taglia Unica","69,14 €","4,3 su 5 stelle"
Clarks,Brezza Emily Mocassino Donna,"66,33 €","4,5 su 5 stelle"
Geox,"J Sandal Whinberry G, Donna","Prezzo consigliato: 79,95 €","3,9 su 5 stelle"
Timberland,"Portafoglio in Pelle RFID Flap Cluth Organizer, Donna, Nero o Marrone, Taglia Unica","79,95 €","4,0 su 5 stelle"
Geox,"D Sozy Plus, Sandali Piatti Donna","52,70 €","3,2 su 5 stelle"
Clarks,Powder Puff - sandali da donna - taglia 37.5 (EU) 4.5 (UK),"98,28 €",4 Stars
Geox,"J Sandal Karly Girl, Donna","36,84 €",
Clarks,"Lite Bit, Mocassino Donna","43,24 €",
Geox,Scarpe D Ghoula G – Taglia: 36 (EU),"71,08 €",
Clarks,Clarks Women's Ezoria Mae Sandal,"33,25 €",
Geox,"D Naileen K, Sandali Donna","87,99 €",
Timberland,BELLE ISLAND BOAT,"Consigl.: 99,90 €",
Clarks,High Spirit - Ballerine da Donna - Taglia 36 (EU) 3.5 (UK),"99,90 €",
Clarks,"Dsrtnomad Mule, Stivaletti Bassi con Lacci Unisex-Adulto","70,89 €",
Clarks,Finnis Blaze - Scarpe col Tacco da Donna - Taglia 40 (EU) 6.5 (UK),"Consigl.: 114,67 €",
Clarks,Finnis Blaze - Scarpe col Tacco da Donna - Taglia 38.5 (EU) 5.5 (UK),"114,67 €",
,,"188,89 €",
,,"54,41 €",
,,"51,84 €",
,,"40,74 €",
,,"107,14 €",
,,"32,86 €",
,,"60,98 €",
,,"84,95 €",
,,"146,16 €",
,,"124,95 €",
,,Uomo Donna Zoccoli,
,,Scarpe da wrestling dalle massime prestazioni,
,,Stivaletti invernali da neve da donna Scecocrs,
Timberland,Carmona Anello Donna Ballerine,"59,36 €","2,0 su 5 stelle"
Clarks,"Cerniera Calla, Stivali a metà Polpaccio Donna","83,85 €","4,2 su 5 stelle"
Clarks,"Deva Dolly, Stiletto Donna","62,60 €","5,0 su 5 stelle"
Clarks,"Flake Berry, Ballerine Donna, Rosso (Rouge (Wine Patent), 36 EU","64,03 €","3,9 su 5 stelle"
Clarks,"Harmonious Day, Tacchi Alti Donna","62,47 €","4,7 su 5 stelle"
Clarks,"Brezza Mare, Infradito Donna","44,14 €","4,7 su 5 stelle"
Clarks,"Breeze Sea, Infradito Donna","49,07 €","4,5 su 5 stelle"
Clarks,Mocassino Donna Orianna,"216,08 €","4,4 su 5 stelle"
Geox,"D Liliane, Borsa Donna, Taglia Unica","39,16 €","4,3 su 5 stelle"
Clarks,"Breeze Ave II, Scarpe da Ginnastica Donna","195,29 €","5,0 su 5 stelle"
Clarks,Mocassini Elaina Harbor Donna,"195,49 €","4,3 su 5 stelle"
Clarks,"Mocassino Breeze da donna, Rosso, 10 US","97,50 €","4,0 su 5 stelle"
Clarks,"Brinkleyflorah, Scarpe da Ginnastica Unisex-Adulto, Rosso, 0 Women/0 Men","181,35 €","3,7 su 5 stelle"
Clarks,Sandali Zeppa Rosso 149643,"62,20 €","4,4 su 5 stelle"
Clarks,"Rosa Prato, Ballerine Donna","76,74 €","4,7 su 5 stelle"
Clarks,"Serena Paige, Mocassino Donna","191,07 €","4,5 su 5 stelle"
Clarks,Mocassini Donna Rena Way,"185,49 €","5,0 su 5 stelle"
Clarks,"Flake Berry, Ballerine Donna, Rosso (Rouge (Wine Patent), 37 EU","51,25 €","3,9 su 5 stelle"
Clarks,Sillian 2.0 - Mocassini da donna,"185,64 €","4,2 su 5 stelle"
Timberland,"Whittier Boat Wedge 42635, Ballerine Donna","203,93 €","4,0 su 5 stelle"
Clarks,Women's Sharon Form Platform Loafer,"180,24 €","3,7 su 5 stelle"
Clarks,Husky Jade Ballerina,"207,81 €","5,0 su 5 stelle"
Clarks,Mocassini da donna Suttyn Walk,"97,50 €","4,2 su 5 stelle"
Clarks,"Caroline Janna, Scarpe da Ginnastica Donna","202,59 €","4,2 su 5 stelle"
Clarks,"Brise Emily, Mocassino Donna","190,64 €","4,2 su 5 stelle"
Clarks,Sneaker Nalle Donna Pizzo,"181,47 €","3,4 su 5 stelle"
Clarks,"Mocassino Breeze Skip Donna, Rosso, 39 EU","190,64 €","5,0 su 5 stelle"
Timberland,"Ossipee FTK_Ossipee H & L GTX Oxford, Stivali Chukka Bambina","176,96 €","4,2 su 5 stelle"
Clarks,Donna Neiley Pearl Pump,"198,89 €","3,7 su 5 stelle"
Clarks,Ballerina da donna Rena Hop Pelle nera EU,"184,51 €","4,2 su 5 stelle"
Clarks,"Perla di Caroline, Mocassino Donna, AD Template Size",Uomo Donna Zoccoli,"4,2 su 5 stelle"
Clarks,"Stile Calla, Mocassino Basso Donna",Scarpe da wrestling dalle massime prestazioni,"4,0 su 5 stelle"
Clarks,"Mocassino Breeze Skip Donna, Rosso, 40.5 EU",Stivaletti invernali da neve da donna Scecocrs,"4,4 su 5 stelle"
Clarks,"Opale Meadow, Ballerine Donna",,"3,9 su 5 stelle"
Clarks,"Prato Rae, Ballerine Donna",,"4,3 su 5 stelle"
Clarks,Un Karely Sun,,"3,9 su 5 stelle"
Clarks,"Ambyr Light, Scarpe décolleté Donna",,"4,0 su 5 stelle"
Clarks,"Mocassino Breeze Skip Donna, Rosso, 39.5 EU",,"4,2 su 5 stelle"
Clarks,Donna Breeze Sol Mocassino Penny,,"4,1 su 5 stelle"
Clarks,"Passeggiata Adella, Oxford Donna",,4 Stars
Clarks,"Polvere rosa interesse, 11 US Wide",,
Clarks,"Nova Glint, Scarpe da Ginnastica Donna",,
Clarks,Brezza Salta Mocassino Donna,,
Clarks,Calla Rae Mocassino basso Donna,,
Clarks,"Breeze Ave II, Scarpe da Ginnastica Donna",,
Clarks,"Ezera Run, Mocassino Donna",,
Clarks,Donna Arla Sage Sneaker,,
Clarks,"Brezza Ayla, Ballerine Donna",,
Clarks,"Nalle Lace, Scarpe da Ginnastica Donna","178,11 €","4,2 su 5 stelle"
Clarks,"Arla Glison, Sandali con Cinturino Posteriore Donna","195,27 €","4,5 su 5 stelle"
Clarks,Women's Sharon Sail,"151,48 €","4,0 su 5 stelle"
Clarks,Caroline Cove Oxford da donna,"90,18 €","4,0 su 5 stelle"
Clarks,"Margee Eve, Sandali con Tacco Donna","204,91 €","4,0 su 5 stelle"
Clarks,"Lite Cravatta, Oxford Donna","169,39 €","3,8 su 5 stelle"
Clarks,"Cora Rouched, Stivaletto Donna","230,00 €","4,3 su 5 stelle"
Clarks,"Maye Facilità, Stivaletto Donna","195,27 €","3,9 su 5 stelle"
Clarks,"Ayla River, Mocassino Donna","177,70 €","4,2 su 5 stelle"
Clarks,Women's Canebay Plain Ballet Flat Wine Leather W,"173,30 €","4,0 su 5 stelle"
Clarks,Fara Paige Piatto,"209,68 €","5,0 su 5 stelle"
Clarks,"Cora Heather, Mocassino Donna","197,89 €","4,4 su 5 stelle"
Clarks,"Sharon Villa, Mocassino Donna","109,95 €","4,1 su 5 stelle"
Clarks,"Layton Step Shoes, Scarpe da Ginnastica Donna","240,70 €","4,4 su 5 stelle"
Clarks,"Kayleigh Slip, Mocassino Donna","203,85 €","3,8 su 5 stelle"
Clarks,"Calla-Stil, Mocassino Donna","212,93 €","3,1 su 5 stelle"
Clarks,"Sneaker Caroline Janna Donna, Pelle rossa, 39 EU","223,71 €","4,5 su 5 stelle"
Clarks,"Roseville Clog, Zoccoli Donna","97,50 €","4,4 su 5 stelle"
Clarks,Open House - sandali da donna - taglia 41 (EU) 7 (UK),"258,74 €","4,3 su 5 stelle"
Clarks,Stivali da donna Maye Palm Fashion,"197,56 €","3,6 su 5 stelle"
Clarks,Mocassino da donna Pure Belle,"181,41 €","4,3 su 5 stelle"
Clarks,"Freckle Ice, Ballerine Donna","241,90 €","4,2 su 5 stelle"
Clarks,"Emily Willow, Stivaletto Donna","190,60 €","4,3 su 5 stelle"
Clarks,SARAFYNA Iris Marrone,"194,35 €","3,6 su 5 stelle"
Clarks,Sneakers Donna Un Rio Knit Maglia 37.5 EU,"184,26 €","4,6 su 5 stelle"
Clarks,Womens Sandals - 4 UK - Clarks Un Capri Step Red Nubuck - Red Nubuck - 6 UK - D,"207,45 €","3,7 su 5 stelle"
Clarks,"Morso Orianna, Mocassino Donna","234,71 €","3,6 su 5 stelle"
Clarks,Calla Facilità Mocassino basso Donna,"195,29 €","3,9 su 5 stelle"
Clarks,"Cora Braid Boot, Stivaletto Donna","368,16 €","4,1 su 5 stelle"
Clarks,Mocassino da donna Pure Belle,"192,20 €","5,0 su 5 stelle"
Clarks,"Stivali da donna Maye Palm Fashion, Pelle Bordeaux, 8 UK Wide","224,37 €","3,7 su 5 stelle"
Clarks,"Espadrillas da donna Serena Paige Suede Slip On, Rosso, 7.5 Wide","183,03 €","4,1 su 5 stelle"
Clarks,"Sneaker Caroline Janna Donna, Pelle rossa, 36 EU","180,71 €","4,4 su 5 stelle"
Clarks,"Sneaker Caroline Janna Donna, Pelle rossa, 41 EU","176,38 €","4,4 su 5 stelle"
Clarks,Sandalo piatto Brynn Madi da donna,,"4,3 su 5 stelle"
Clarks,"Sillian Greer, Mocassino Donna",,"4,3 su 5 stelle"
Clarks,"Carly Dream, Mocassino Basso Donna",,"4,2 su 5 stelle"
Clarks,"Juliet Hayes, Mocassino Basso Donna",,"4,3 su 5 stelle"
Clarks,Stivaletti da donna stile Airabell,,"4,2 su 5 stelle"
Clarks,"Mallory Luna-Tacco A Zeppa Chiuso, Piattaforma Donna",,"3,9 su 5 stelle"
Clarks,"Gemma Ambyr, Scarpe décolleté Donna",,"4,1 su 5 stelle"
Timberland,"Waterville 6 inch Basic Waterproof, Stivali Stringati Donna",,"3,9 su 5 stelle"
Clarks,Clog Clarkspro Donna,,"4,0 su 5 stelle"
Clarks,"Breeze Glide, Stivaletto Donna",,4 Stars
Clarks,"Un.Loop 2 Walk, Mocassino Donna, 0",,
Clarks,"Tilmont Eve, Mocassino Basso Donna",,
Clarks,"Kayleigh Slip, Mocassino Donna",,
Clarks,"Sillian Greer, Mocassino Donna, 37 EU",,
Clarks,"Focolare Faye, Stivaletto Donna","213,10 €","4,0 su 5 stelle"
Clarks,Mocassino da donna Raisie Jump,"168,23 €","4,5 su 5 stelle"
Clarks,"Mocassino Breeze da donna, Rosso, 6.5","207,66 €","4,0 su 5 stelle"
Clarks,"Wallacraft Lo 68747 - Scarpe da donna scamosciate, colore: Borgogna","183,28 €","5,0 su 5 stelle"
Clarks,"Sillian Greer, Mocassino Donna, 37 EU","180,96 €","4,0 su 5 stelle"
Clarks,"Maye Grace, Stivali Chelsea Donna","240,67 €","4,2 su 5 stelle"
Clarks,"Maye Ease, Stivaletto Donna","189,94 €","3,9 su 5 stelle"
Clarks,"Mocassino Breeze Skip Donna, Rosso, 39 EU","295,07 €","5,0 su 5 stelle"
Clarks,"Pantofole da donna in pelle scamosciata con colletto lavorato a maglia, fodera in pelliccia sintetica, Bacca, 7 Wide","222,23 €","4,4 su 5 stelle"
Clarks,"Serena Brynn, Mocassino Basso Donna","174,27 €","4,1 su 5 stelle"
Clarks,"Everlay Dixey, Mocassino Donna, / US Frauen","195,27 €","4,4 su 5 stelle"
Clarks,"Emily Step, Mocassino Donna","197,55 €","4,4 su 5 stelle"
Clarks,"Mallory Pearl, Mocassino Donna","97,50 €","4,1 su 5 stelle"
Clarks,"Brezza Crepuscolo, Stivaletto Donna","109,95 €","4,2 su 5 stelle"
Clarks,"Scuff, Sandali a Ciabatta Donna","266,70 €","4,4 su 5 stelle"
Clarks,Mazy Harwich - Stivali da donna,"203,73 €","4,8 su 5 stelle"
Clarks,"Roseville Aster, Stivaletto Donna, AD Template Size","241,53 €","4,3 su 5 stelle"
Clarks,"Teagan Step, Mocassino Donna","236,99 €","3,9 su 5 stelle"
Clarks,UN Capri Step Sandali Infradito Donna Rosso 37 EU,"208,49 €","4,0 su 5 stelle"
Clarks,Open House - sandali da donna - taglia 37 (EU) 4 (UK),"173,85 €","4,2 su 5 stelle"
Clarks,Pantofola trapuntata da donna in feltro JMS0783T - Morbida fodera in spugna di peluche - Pantofole per interni ed esterni per le donne,"185,74 €","4,4 su 5 stelle"
Clarks,"Cora Braidshoe, Mocassino Donna","190,64 €","4,3 su 5 stelle"
Clarks,"Carleigh Dalia, Stivaletto Donna","273,00 €","4,3 su 5 stelle"
Clarks,"Breeze Emily, Mocassino Donna","191,13 €","4,2 su 5 stelle"
Clarks,"Tilmont, Mocassino Donna","206,89 €","4,2 su 5 stelle"
Clarks,Stivali da donna Maye Grace Fashion,"204,47 €","4,0 su 5 stelle"
Clarks,donna Drift Fern Flat Sandalo,"184,28 €","4,2 su 5 stelle"
Clarks,"JMH1814B - Pantofole a mocassino da donna, in pelle scamosciata, per interni ed esterni, con fodera in pelliccia sintetica e suola in gomma antiscivolo, comodi e soffici, per uso invernale","185,64 €","4,3 su 5 stelle"
Clarks,"Salice di Aprile, Sandali a Ciabatta Donna","234,39 €","4,5 su 5 stelle"
Clarks,"Women's, Kayleigh Mid Boot Burgundy Patent 7.5 M","201,80 €","4,2 su 5 stelle"
Clarks,"Tracce di Usura, Scarpe da Ginnastica Donna","271,18 €","4,2 su 5 stelle"
Clarks,"Nova Glint, Scarpe da Ginnastica Donna","174,67 €","4,4 su 5 stelle"
Clarks,"Pizzo Roseville, Stivaletto Donna","267,73 €","4,4 su 5 stelle"
Clarks,"Kayleigh Boot, Stivaletto Donna","195,27 €","4,4 su 5 stelle"
Clarks,"Women's Leisa Cacti Q, Red Leather, 7.5 D - Wide","229,02 €","4,3 su 5 stelle"
Clarks,"Laurieann Cara, Sandali a Ciabatta Donna","184,69 €","4,6 su 5 stelle"
Clarks,"Baia di Ambyrlyn, Sandali con Tacco Donna","206,75 €","3,8 su 5 stelle"
Clarks,"Rubino Laurieann, Sandali Bassi Donna","207,66 €","4,5 su 5 stelle"
Clarks,"Rose Way, Sandal Donna","260,89 €","4,3 su 5 stelle"
Clarks,"Alayna Juno, Stivaletto Donna",,"4,5 su 5 stelle"
Clarks,Jmh2175 Pantofole Donna,,"4,0 su 5 stelle"
Clarks,"Sashlyn Metà, Sashlyn Metà Donna",,"4,2 su 5 stelle"
Clarks,"Indigo 464 028, Low-Top Bambine e Ragazze, Blu (Blu (830 Navy VL)), 36 EU",,"4,2 su 5 stelle"
Clarks,Sandalo piatto da donna Roseville Mae,,"4,6 su 5 stelle"
Clarks,"Glide Post, Infradito Donna, 10,11,12,5,6,7,8,9 M Womens Adult",,"4,0 su 5 stelle"
Clarks,"Laurieann Rubin, Sandali Bassi Donna",,"4,2 su 5 stelle"
Clarks,Sandalo da donna Yacht Beach,,4 Stars
Clarks,Via Kitly,,
Clarks,"Ciabatte da donna in maglia, bacca, 40 EU","181,76 €","4,5 su 5 stelle"
Clarks,Pantofole da donna in pelliccia sintetica per interni ed esterni,"185,85 €","4,3 su 5 stelle"
Clarks,"Eliza Giugno, Sandali a Ciabatta Donna","200,90 €","4,1 su 5 stelle"
Clarks,Sandali bassi Kitly Walk da donna,"254,35 €","4,7 su 5 stelle"
Clarks,"Brinkley Jazz, Infradito Donna","55,93 €","4,2 su 5 stelle"
Timberland,MAESLIN CORK SANDAL,"180,98 €","4,7 su 5 stelle"
Clarks,"Brinkley Jazz, Infradito Donna","244,82 €","4,4 su 5 stelle"
Clarks,"Lafley Giglio, Sandali con Zeppa Donna","202,02 €","4,7 su 5 stelle"
Clarks,"Brinkley Flora, Infradito Donna","233,69 €","4,1 su 5 stelle"
Clarks,Declan Flo Sandali bassi Donna,"195,27 €","4,7 su 5 stelle"
Clarks,"Brinkley Jazz, Infradito Donna","205,90 €","3,3 su 5 stelle"
Clarks,"Mocassino Sarafyna Iris da donna, Pelle granatina, 7 Wide","196,98 €","3,6 su 5 stelle"
Clarks,"Sneakers da donna Un Rio Knit, Merlot Combi, 39.5 EU","195,29 €","3,7 su 5 stelle"
Clarks,"Via Rosa, Sandali con Zeppa Donna","218,89 €","4,4 su 5 stelle"
Clarks,"Jenette Rubino, Mocassino Donna","164,89 €","4,5 su 5 stelle"
Clarks,"Sneaker Nalle Lace Donna, Pelle Wine Intrest, 36 EU","242,71 €","4,4 su 5 stelle"
Clarks,"Jenette Ruby, Mocassino Donna","247,93 €","3,6 su 5 stelle"
Clarks,Stivali da donna Leda Strap Fashion,"304,24 €","4,5 su 5 stelle"
Clarks,"Sandalo piatto Laurieann Cove da uomo, Pelle rossa, 10 US Wide","256,19 €","5,0 su 5 stelle"
Clarks,"Laurieann Cara, Sandali a Ciabatta Donna","251,47 €","5,0 su 5 stelle"
Clarks,"Palma Maye, Stivali Chelsea Donna","201,94 €","5,0 su 5 stelle"
Clarks,"Amanda Facilità, Sandali da Pescatore Donna","292,42 €","4,1 su 5 stelle"
Clarks,"Lite Tie, Oxford Donna","53,89 €","3,9 su 5 stelle"
Clarks,Sandalo piatto Kitly Way Donna,,"4,0 su 5 stelle"
Clarks,"Sneaker Caroline Janna Donna, Pelle rossa, 37.5 EU",,"4,1 su 5 stelle"
Clarks,Stivaletti Hearth Faye Donna,,"4,6 su 5 stelle"
Clarks,"Calla Facilità, Mocassino Basso Donna",,"4,3 su 5 stelle"
Clarks,"Cora Ashly, Mocassino Donna, AD Template Size",,"4,2 su 5 stelle"
Clarks,Sandalo piatto da Donna Laurieann Edge,,"4,2 su 5 stelle"
Clarks,Infradito da donna Arla Glison,,"3,9 su 5 stelle"
Clarks,"Stivaletto Roseville Aster da donna, Camoscio bordeaux, 41 EU",,"4,6 su 5 stelle"
Clarks,"Brezza Bali, Mocassino Basso Donna",,4 Stars
Clarks,"Emily Low Boot, Stivali alla Moda Donna",,
Clarks,"Pantofole da donna in feltro di lana, JMH1319T, calde e accoglienti, foderate in finta pelliccia, per interni ed esterni",,
Clarks,"Juliet Hayes, Mocassino Basso Donna",,
Timberland,"SATCHEL BAG M2303, Borsa donna, 31x49x31 cm (L x A x P)",,
Clarks,Clarks Women's Elaina Harbor Loafer,,
